index,concept
0,past decade
1,increase number
2,liberation
3,art
4,campaign
5,celebration
6,oppression
7,pride
8,symbol
9,wave
10,business
11,civil war
12,house
13,qualitative datum
14,focus group
15,local knowledge
16,late 1980
17,grow number
18,italy
19,estimate
20,unemployment rate
21,significant impact
22,friendship
23,equality
24,beauty
25,freedom
26,weakness
27,intimacy
28,justice
29,privilege
30,social research
31,research process
32,engagement
33,driver
34,introduction
35,civil society
36,spite
37,fieldwork
38,consumerism
39,central role
40,commodity
41,interview datum
42,worldview
43,money
44,lifestyle
45,young man
46,proximity
47,care work
48,disease
49,old age
50,ethnographic fieldwork
51,coach
52,carer
53,prevalence
54,few study
55,low rate
56,attachment
57,direction
58,dyad
59,recent study
60,ethnic minority
61,achievement
62,educational expectation
63,longitudinal study
64,social stratification
65,reflection
66,journal
67,category
68,everyday practice
69,incorporation
70,everyday
71,means
72,material
73,special issue
74,fate
75,competition
76,chance
77,ideal
78,prior research
79,collaboration
80,develop country
81,internet use
82,africa
83,productivity
84,expansion
85,commentary
86,autonomy
87,enterprise
88,insecurity
89,intensity
90,skill
91,political economy
92,feminism
93,adoption
94,intersection
95,volume
96,map
97,location
98,reflexivity
99,summary
100,pluralism
101,may
102,act
103,asylum seeker
104,accountability
105,client
106,opposition
107,recent work
108,gender gap
109,progress
110,gender equality
111,welfare
112,rural area
113,persistence
114,decade
115,gender inequality
116,hotel
117,future study
118,work organization
119,step
120,workplace
121,rape
122,american society
123,important way
124,human right
125,advance
126,new way
127,americans
128,victim
129,sexual violence
130,destination
131,different group
132,travel
133,sentiment
134,prejudice
135,pressure
136,cam
137,medicine
138,particular form
139,official
140,two type
141,trial
142,teaching
143,qualitative research
144,military
145,ireland
146,defense
147,future direction
148,live experience
149,new zealand
150,united kingdom
151,overview
152,qualitative study
153,pregnancy
154,loss
155,incarceration
156,intervention
157,substance use
158,religious community
159,clash
160,modernity
161,building
162,new medium
163,negotiation
164,tradition
165,solidarity
166,website
167,natural resource
168,different way
169,measurement
170,qualitative interview
171,wildlife
172,scenario
173,fight
174,elaboration
175,attainment
176,establishment
177,effectiveness
178,human development
179,necessity
180,whole
181,picture
182,speed
183,target
184,commercialization
185,assertion
186,social justice
187,privatization
188,peace
189,initiative
190,critical discourse analysis
191,sale
192,soviet union
193,collapse
194,russia
195,profit
196,exception
197,employer
198,document
199,exploitation
200,labour
201,vulnerability
202,instance
203,content analysis
204,perpetrator
205,theme
206,reaction
207,racial identity
208,collection
209,november
210,scholarship
211,writing
212,strain
213,political actor
214,globe
215,leader
216,each country
217,imposition
218,mode
219,governance
220,appropriation
221,speech
222,theoretical framework
223,wide range
224,self rate health
225,aging
226,cognition
227,availability
228,help
229,social construction
230,reality
231,possession
232,voice
233,social relation
234,variability
235,relatedness
236,outsider
237,beneficiary
238,pollution
239,water
240,initiation
241,design
242,european union
243,coordination
244,ambition
245,education system
246,south africa
247,abortion
248,large number
249,justification
250,request
251,public attitude
252,large proportion
253,danger
254,educational attainment
255,consistency
256,strong predictor
257,power relation
258,income distribution
259,empirical analysis
260,income inequality
261,sub saharan africa
262,latin america
263,last decade
264,nation state
265,three hypothesis
266,substantial difference
267,thesis
268,welfare state
269,era
270,government agency
271,key aspect
272,demography
273,moral panic
274,professional
275,color
276,authenticity
277,social life
278,cultural sociology
279,show
280,north america
281,limit
282,materiality
283,sociological theory
284,social theory
285,protection
286,forest
287,key role
288,ethiopia
289,ethnographic research
290,cultural practice
291,religious tradition
292,empirical research
293,contingency
294,embodiment
295,deficiency
296,lived experience
297,shame
298,valuation
299,social medium
300,confusion
301,platform
302,sanction
303,compliance
304,political context
305,advocate
306,current literature
307,acquisition
308,connectedness
309,domain
310,social status
311,multilevel model
312,social integration
313,weak tie
314,subjective well being
315,thing
316,strong tie
317,whom
318,inquiry
319,durkheim
320,pursuit
321,comment
322,morality
323,today
324,public discourse
325,judge
326,expert
327,peer
328,life course
329,none
330,health care
331,obesity
332,selection
333,equation
334,security
335,reproduction
336,positive association
337,priority
338,recent decade
339,incidence
340,mexico
341,specificity
342,ethnographic datum
343,los angeles
344,god
345,recovery
346,exist research
347,cross
348,different type
349,general social survey
350,economic sociology
351,eastern europe
352,different context
353,2015 elsevier b v
354,embeddedness
355,observer
356,fall
357,islam
358,demonstration
359,appearance
360,important factor
361,week
362,producer
363,call
364,public
365,university student
366,social problem
367,stress
368,caregiver
369,long term
370,long term effect
371,national longitudinal survey
372,depressive symptom
373,mortality
374,caregiving
375,life course perspective
376,usefulness
377,marijuana
378,alcohol
379,high rate
380,date
381,offending
382,armed force
383,maintenance
384,day
385,functioning
386,qualitative analysis
387,amount
388,agreement
389,code
390,credibility
391,guideline
392,reliability
393,young woman
394,twentieth century
395,america
396,merger
397,moment
398,mexicans
399,path
400,inspiration
401,acceptance
402,rejection
403,prediction
404,coefficient
405,calculation
406,regression model
407,treatment
408,routine
409,simulation
410,pet
411,owner
412,mental health
413,current study
414,online survey
415,extraversion
416,neuroticism
417,physical health
418,wellbeing
419,research note
420,exist literature
421,disadvantage
422,labour market
423,employment status
424,earning
425,arrival
426,wage
427,democratization
428,aesthetic
429,accessibility
430,construct
431,class difference
432,pleasure
433,participant observation
434,bulgaria
435,district
436,ethnic diversity
437,c 2015 elsevier ltd all right
438,individual level
439,high proportion
440,percentage
441,theoretical implication
442,minority
443,review
444,book
445,new york city
446,new york
447,social mobility
448,second generation
449,turkey
450,refugee
451,afghanistan
452,iraq
453,policy maker
454,early research
455,activist
456,judgment
457,collective identity
458,frame
459,lesson
460,audience
461,guide
462,tactic
463,rhetoric
464,rationalization
465,domination
466,international organization
467,bureaucracy
468,max weber
469,early 1980
470,academic
471,cultural study
472,intellectual
473,local government
474,companion animal
475,local level
476,replacement
477,labor market
478,enjoyment
479,survey datum
480,individualism
481,ignorance
482,utility
483,viability
484,facebook
485,cross sectional datum
486,experiment
487,political participation
488,report
489,funding
490,foundation
491,corporation
492,comparative research
493,particular attention
494,revenue
495,late 1990
496,fan
497,singapore
498,personal life
499,procedural justice
500,less attention
501,job security
502,continuity
503,people s republic
504,intention
505,structural equation
506,turnover
507,mind
508,first section
509,departure
510,second section
511,frequency
512,regression
513,occupational status
514,social resource
515,publication
516,denomination
517,homogeneity
518,suicide
519,race / ethnicity
520,empirical datum
521,assemblage
522,accumulation
523,circulation
524,dialogue
525,investment
526,sector
527,public debate
528,social role
529,individual characteristic
530,someone
531,policy implication
532,previous study
533,host country
534,strong association
535,news medium
536,alternative
537,coverage
538,public opinion
539,portrayal
540,proportion
541,exposure
542,arrest
543,national survey
544,criminal justice system
545,adulthood
546,trauma
547,representative sample
548,numerous study
549,delinquency
550,high school student
551,bond
552,social bond
553,western country
554,statistical analysis
555,exist study
556,statistic
557,conduct
558,datum collection
559,manager
560,athlete
561,colleague
562,advancement
563,consensus
564,racial discrimination
565,realm
566,provision
567,recognition
568,thought
569,world bank
570,informal economy
571,backdrop
572,constitution
573,ground
574,two form
575,vietnam
576,deforestation
577,contestation
578,villager
579,disparity
580,odd
581,social characteristic
582,county
583,density
584,usa
585,suicide rate
586,important contribution
587,integrity
588,sociological study
589,music
590,conversion
591,encounter
592,taste
593,subjectivity
594,social scientist
595,explanatory power
596,ethnic difference
597,social process
598,self employment
599,blacks
600,wealth
601,linkage
602,racialization
603,camp
604,expression
605,public sphere
606,post
607,exit
608,globalisation
609,character
610,east asia
611,contrary
612,search
613,particular focus
614,hong kong
615,intensification
616,significant change
617,western europe
618,barrier
619,mainstream
620,belgium
621,educational achievement
622,prayer
623,present paper
624,new technology
625,new type
626,opinion
627,letter
628,extension
629,major change
630,three type
631,statement
632,word
633,economic theory
634,coercion
635,reading
636,political institution
637,political process
638,state power
639,spain
640,portugal
641,root
642,recent scholarship
643,index
644,trade off
645,two aspect
646,national identity
647,canadians
648,multiculturalism
649,twitter
650,promise
651,mediator
652,adverse effect
653,long run
654,negative affect
655,social support
656,self esteem
657,self control
658,positive affect
659,swb
660,human capital
661,return
662,transfer
663,hungary
664,current research
665,holocaust
666,elsevier ltd all right
667,modification
668,two study
669,nationalism
670,negative attitude
671,recent research
672,civic engagement
673,puzzle
674,withdrawal
675,thousand
676,childbearing
677,past research
678,name
679,cat
680,thinking
681,anomie
682,deregulation
683,suffering
684,aftermath
685,contour
686,figure
687,interplay
688,inheritance
689,attack
690,abuse
691,rank
692,last two decade
693,fore
694,different perspective
695,important question
696,framing
697,safety
698,parallel
699,sociological perspective
700,sociological literature
701,social inequality
702,family relationship
703,exchange
704,social interaction
705,old adult
706,late life
707,great attention
708,identity work
709,conceptualization
710,resolution
711,force
712,proposition
713,qualification
714,writer
715,boy
716,grade
717,variance
718,previous work
719,high income
720,adolescence
721,attribute
722,u s
723,capitalism
724,english
725,spirit
726,popularity
727,something
728,weber
729,different form
730,activism
731,in depth interview
732,user
733,technique
734,comparative study
735,foreigner
736,punishment
737,ongoing debate
738,important implication
739,western society
740,financial market
741,discourse analysis
742,comparative analysis
743,error
744,comparative perspective
745,solution
746,starting point
747,military service
748,world war ii
749,present research
750,four dimension
751,intergroup relation
752,regression analysis
753,two dimension
754,agent
755,perceive discrimination
756,predictor
757,categorization
758,mediate role
759,well
760,continuation
761,social exclusion
762,key concept
763,activation
764,finland
765,exclusion
766,legislation
767,label
768,tendency
769,religious experience
770,disposition
771,tool
772,ritual
773,riot
774,ethnographic study
775,criticism
776,religious service
777,religious organization
778,religious practice
779,chinese
780,accordance
781,newspaper
782,stability
783,regime
784,agriculture
785,ranking
786,march
787,california
788,behalf
789,formulation
790,neighbor
791,cohort
792,educational expansion
793,economic growth
794,educational inequality
795,social origin
796,educational system
797,educational level
798,switzerland
799,grow interest
800,current debate
801,social science
802,scope
803,racial minority
804,cultural capital
805,significant predictor
806,research finding
807,social background
808,small number
809,social activity
810,stratification
811,teenager
812,digital technology
813,advent
814,division
815,elsevier b v
816,tourism industry
817,forum
818,land use
819,iceland
820,wilderness
821,utilization
822,visitor
823,tourist
824,demise
825,instability
826,opponent
827,matter
828,transparency
829,no effect
830,negative effect
831,life expectancy
832,positive effect
833,homicide
834,flow
835,ratio
836,theorist
837,habitus
838,setting
839,new light
840,football
841,election
842,game
843,interface
844,premise
845,popular culture
846,politician
847,political party
848,metaphor
849,vote
850,drug
851,terror
852,contact
853,tie
854,prospect
855,gender relation
856,middle class
857,parenthood
858,preservation
859,sphere
860,struggle
861,survival
862,deployment
863,decision making
864,semi structured interview
865,privacy
866,austria
867,parliament
868,no evidence
869,sweden
870,contradiction
871,motherhood
872,present
873,paradigm
874,gift
875,component
876,more attention
877,christians
878,analogy
879,19th century
880,background
881,doctrine
882,conception
883,neglect
884,scarcity
885,population growth
886,public policy
887,appreciation
888,prostitution
889,journey
890,chicago
891,distance
892,purchase
893,trade
894,conventional wisdom
895,collective action
896,new form
897,loyalty
898,theorizing
899,grow body
900,complex relationship
901,homeownership
902,circumstance
903,inclusion
904,remittance
905,negative consequence
906,pierre bourdieu
907,museum
908,habermas
909,modern society
910,convention
911,femininity
912,stereotype
913,bank
914,creativity
915,performativity
916,manner
917,disruption
918,release
919,transcript
920,balance
921,disclosure
922,reporting
923,host
924,infrastructure
925,conference
926,anything
927,integral part
928,three way
929,core
930,gentrification
931,sort
932,everything
933,scientist
934,laboratory
935,late 1970
936,lesbian
937,negative impact
938,marginalization
939,mobilization
940,dilemma
941,special attention
942,theoretical model
943,childhood
944,awareness
945,love
946,housework
947,child care
948,early stage
949,realization
950,medium coverage
951,dependent variable
952,avoidance
953,explanatory variable
954,little attention
955,distrust
956,identity construction
957,proxy
958,indonesia
959,urbanization
960,protest
961,professionalization
962,social movement theory
963,attribution
964,compassion
965,nonhuman animal
966,option
967,main finding
968,various way
969,feminist theory
970,feminist
971,market economy
972,operation
973,reform
974,quest
975,novel
976,anxiety
977,improvement
978,practitioner
979,spirituality
980,social reproduction
981,social action
982,trajectory
983,father involvement
984,parental involvement
985,young adult
986,gender norm
987,exercise
988,couple
989,million
990,part time work
991,two question
992,corruption
993,positive impact
994,fairness
995,political power
996,negative association
997,important role
998,veteran
999,second world war
1000,task
1001,ontology
1002,large part
1003,elite
1004,dataset
1005,united state
1006,taxis
1007,margin
1008,social sciences
1009,methodology
1010,presentation
1011,classification
1012,social world
1013,multiple dimension
1014,racial inequality
1015,total
1016,film
1017,breakdown
1018,intersectionality
1019,emancipation
1020,heart
1021,specie
1022,land
1023,jews
1024,flexibility
1025,fix effect model
1026,work hour
1027,retention
1028,national longitudinal study
1029,office
1030,celebrity
1031,intimate partner violence
1032,ipv
1033,important aspect
1034,black man
1035,sociological understanding
1036,repertoire
1037,chapter
1038,stigma
1039,offender
1040,psychometric property
1041,identification
1042,duration
1043,suggestion
1044,proponent
1045,global south
1046,authoritarianism
1047,feature
1048,resurgence
1049,schooling
1050,present article
1051,fertility
1052,december
1053,republic
1054,harassment
1055,increase risk
1056,onset
1057,subgroup
1058,psychological distress
1059,public health
1060,administration
1061,two way
1062,room
1063,policymaker
1064,payment
1065,kenya
1066,community member
1067,ownership
1068,property right
1069,catholic church
1070,social policy
1071,poland
1072,political discourse
1073,quebec
1074,strong relationship
1075,factor analysis
1076,decision making process
1077,item
1078,innovation
1079,entrepreneurship
1080,entrepreneur
1081,critical theory
1082,institutional context
1083,discovery
1084,boundary work
1085,certainty
1086,dominance
1087,asia
1088,taiwan
1089,important insight
1090,recent debate
1091,exist theory
1092,relative deprivation
1093,social psychology
1094,enhancement
1095,procedure
1096,baseline
1097,great risk
1098,acculturation
1099,asians
1100,length
1101,specific type
1102,immigrant group
1103,countryside
1104,key
1105,enemy
1106,public space
1107,multiplicity
1108,unity
1109,eye
1110,important issue
1111,social network analysis
1112,key element
1113,gender segregation
1114,graduate
1115,recent change
1116,occupational segregation
1117,segregation
1118,capita
1119,orientation
1120,high school
1121,enforcement
1122,reasoning
1123,truth
1124,text
1125,social work
1126,answer
1127,archive
1128,profession
1129,sociological research
1130,landscape
1131,spectacle
1132,christianity
1133,summer
1134,considerable attention
1135,half
1136,advice
1137,pedagogy
1138,instructor
1139,piece
1140,significant difference
1141,leadership
1142,correlation
1143,fisher
1144,survey research
1145,measurement error
1146,questionnaire
1147,mix
1148,modernization
1149,institutionalization
1150,imperative
1151,prior study
1152,isolation
1153,high degree
1154,great deal
1155,philippines
1156,openness
1157,customer
1158,array
1159,descendant
1160,divergence
1161,standardization
1162,economic crisis
1163,bottom
1164,north
1165,two kind
1166,nationally representative datum
1167,gender role
1168,reduction
1169,storytelling
1170,blog
1171,message
1172,center
1173,public support
1174,south
1175,race relation
1176,decrease
1177,burnout
1178,conceptual model
1179,conformity
1180,social worker
1181,former soviet union
1182,universalism
1183,analyst
1184,family life
1185,trouble
1186,husband
1187,wife
1188,play
1189,cohesion
1190,past two decade
1191,such difference
1192,dispute
1193,northern ireland
1194,protestants
1195,educational outcome
1196,optimism
1197,personality
1198,hour
1199,stranger
1200,heterogeneity
1201,early adulthood
1202,cohabitation
1203,multivariate analysis
1204,violent crime
1205,artifact
1206,imagination
1207,accomplishment
1208,governmentality
1209,london
1210,commodification
1211,new direction
1212,output
1213,visibility
1214,timing
1215,methodological approach
1216,social change
1217,issp
1218,cross national variation
1219,less extent
1220,social structure
1221,personal experience
1222,exploratory study
1223,phase
1224,protester
1225,officer
1226,start
1227,one aspect
1228,important source
1229,efficacy
1230,church attendance
1231,critical analysis
1232,identity politic
1233,demographic change
1234,grandparent
1235,natural resource management
1236,transmission
1237,organisation
1238,opposite
1239,work life
1240,sex work
1241,positive relationship
1242,conjunction
1243,socioeconomic status
1244,reciprocity
1245,strong effect
1246,data set
1247,configuration
1248,knowledge production
1249,causal relationship
1250,inconsistency
1251,empirical support
1252,alternative explanation
1253,node
1254,tolerance
1255,european country
1256,weight
1257,humor
1258,critical role
1259,social practice
1260,new insight
1261,staff
1262,campus
1263,one way
1264,small group
1265,essence
1266,colonialism
1267,empire
1268,independence
1269,slavery
1270,anger
1271,substance
1272,diagnosis
1273,making
1274,planning
1275,ontario
1276,vehicle
1277,semistructured interview
1278,vision
1279,counterpart
1280,genealogy
1281,otherness
1282,college
1283,civil liberty
1284,family background
1285,political orientation
1286,sibling
1287,slovenia
1288,revival
1289,socialism
1290,everyday life
1291,bulk
1292,nationally representative sample
1293,leisure time
1294,park
1295,each group
1296,toronto
1297,height
1298,critic
1299,professionalism
1300,vast majority
1301,conviction
1302,favor
1303,polarization
1304,specific form
1305,efficiency
1306,adequacy
1307,cluster analysis
1308,social control
1309,survivor
1310,beginning
1311,aspiration
1312,late 1960
1313,political culture
1314,magnitude
1315,climate
1316,climate change
1317,environmental problem
1318,status quo
1319,humanity
1320,international relation
1321,woman s employment
1322,journalism
1323,labor force
1324,obstacle
1325,journalist
1326,trade union
1327,favour
1328,january
1329,same sex marriage
1330,normalization
1331,pragmatism
1332,dichotomy
1333,adolescent health
1334,add health
1335,discrepancy
1336,stressor
1337,wolf
1338,prevention
1339,bridge
1340,addiction
1341,contextual factor
1342,stake
1343,structural factor
1344,negative relationship
1345,religious belief
1346,research agenda
1347,causality
1348,public sector
1349,panel study
1350,income dynamics
1351,promotion
1352,private sector
1353,upward mobility
1354,sociality
1355,various type
1356,separation
1357,finance
1358,burden
1359,deficit
1360,volunteering
1361,probability
1362,focus group discussion
1363,fatherhood
1364,stage
1365,empirical evidence
1366,spending
1367,ukraine
1368,differentiation
1369,two wave
1370,settlement
1371,good
1372,incentive
1373,delivery
1374,rational choice theory
1375,congregation
1376,myth
1377,proliferation
1378,life story
1379,nationality
1380,disaster
1381,new perspective
1382,popular music
1383,cultural production
1384,children
1385,rating
1386,practical implication
1387,delinquent behavior
1388,photography
1389,empirical result
1390,birth cohort
1391,inflation
1392,increase level
1393,federal government
1394,bias
1395,recommendation
1396,injustice
1397,gender identity
1398,passage
1399,kinship
1400,display
1401,social relationship
1402,family structure
1403,membership
1404,west
1405,dialectic
1406,oil
1407,parameter
1408,lot
1409,black woman
1410,food production
1411,farming
1412,interest group
1413,input
1414,precondition
1415,first time
1416,displacement
1417,indigenous people
1418,recent development
1419,expertise
1420,asset
1421,european social survey
1422,willingness
1423,requirement
1424,note
1425,research design
1426,academic achievement
1427,rationale
1428,anonymity
1429,screen
1430,village
1431,transnationalism
1432,wake
1433,prison
1434,imprisonment
1435,bourdieu s concept
1436,imbalance
1437,standard
1438,supply
1439,convergence
1440,trait
1441,capability
1442,direct effect
1443,unit
1444,world economy
1445,human being
1446,expense
1447,latinos
1448,hope
1449,genocide
1450,ambiguity
1451,faith
1452,further research
1453,random sample
1454,portion
1455,farm
1456,housing
1457,validity
1458,daughter
1459,behaviour
1460,independent effect
1461,analytical framework
1462,company
1463,dignity
1464,south korea
1465,two group
1466,assessment
1467,important part
1468,bar
1469,sign
1470,neighbourhood
1471,inmate
1472,representative
1473,czech republic
1474,ambivalence
1475,controversy
1476,three group
1477,census
1478,concentration
1479,national context
1480,kin
1481,programme
1482,such research
1483,rehabilitation
1484,description
1485,depiction
1486,alternative way
1487,architecture
1488,actor network theory
1489,sharing
1490,marital status
1491,contemporary debate
1492,robustness
1493,ethnic identity
1494,panel datum
1495,white woman
1496,address
1497,soldier
1498,symptom
1499,demographic
1500,college student
1501,no significant difference
1502,typology
1503,volunteer
1504,consolidation
1505,video
1506,mass medium
1507,cultural value
1508,august
1509,avenue
1510,conversation
1511,cultural change
1512,empirical study
1513,new model
1514,ethic
1515,sustainability
1516,september
1517,medium representation
1518,defendant
1519,genre
1520,field research
1521,closure
1522,recruitment
1523,terrorism
1524,positioning
1525,cooperation
1526,police
1527,policing
1528,share
1529,two decade
1530,social cohesion
1531,twenty first century
1532,network analysis
1533,version
1534,affiliation
1535,group difference
1536,religious participation
1537,socialization
1538,test
1539,revolution
1540,denial
1541,domestic violence
1542,ghana
1543,pain
1544,silence
1545,diaspora
1546,homeland
1547,geography
1548,host society
1549,political opportunity structure
1550,mathematic
1551,sensitivity
1552,supplier
1553,independent variable
1554,young adulthood
1555,longitudinal datum
1556,resilience
1557,learning
1558,refinement
1559,two case study
1560,mid 1980
1561,well understanding
1562,executive
1563,important difference
1564,legitimation
1565,cycle
1566,october
1567,grievance
1568,academia
1569,administrator
1570,recipient
1571,woman s experience
1572,hiv / aids
1573,nigeria
1574,bonding
1575,mental illness
1576,civilian
1577,removal
1578,family member
1579,intergenerational transmission
1580,working
1581,follower
1582,reconstruction
1583,mission
1584,environmental issue
1585,stakeholder
1586,research project
1587,daily life
1588,first half
1589,nineteenth century
1590,reach
1591,economic
1592,economics
1593,century
1594,merit
1595,manufacturing
1596,second half
1597,plant
1598,pet ownership
1599,inability
1600,talk
1601,criminology
1602,nationhood
1603,different kind
1604,childcare
1605,nurse
1606,nursing
1607,professor
1608,pathway
1609,voting
1610,denmark
1611,detail
1612,social learning
1613,heterosexuality
1614,gay man
1615,sexual identity
1616,pace
1617,composition
1618,structural equation modeling
1619,opening
1620,agenda
1621,sovereignty
1622,paradox
1623,state policy
1624,little research
1625,mediation
1626,materialism
1627,ethnographic observation
1628,four type
1629,previous literature
1630,advocacy
1631,key finding
1632,slovakia
1633,healthcare
1634,municipality
1635,translation
1636,various aspect
1637,photograph
1638,particular emphasis
1639,life scale
1640,swls
1641,conceptual framework
1642,place attachment
1643,local community
1644,prestige
1645,compensation
1646,engineering
1647,institutional factor
1648,north carolina
1649,graduation
1650,greece
1651,new measure
1652,reputation
1653,bourdieu
1654,adult child
1655,parental education
1656,household income
1657,collective memory
1658,more research
1659,adherent
1660,stock
1661,evangelical
1662,non
1663,conservation
1664,fishery
1665,social factor
1666,recent trend
1667,minority group
1668,two factor
1669,founding
1670,first place
1671,key factor
1672,financial crisis
1673,salience
1674,socio economic status
1675,medicalization
1676,hierarchy
1677,job satisfaction
1678,propensity
1679,pay
1680,certain type
1681,accident
1682,plan
1683,court
1684,compromise
1685,different level
1686,damage
1687,livelihood
1688,intermarriage
1689,native
1690,sexism
1691,all level
1692,broad range
1693,demographic variable
1694,investor
1695,accuracy
1696,alienation
1697,literacy
1698,curriculum
1699,elsevier ltd
1700,parenting
1701,alcohol consumption
1702,drinking
1703,comfort
1704,social context
1705,further analysis
1706,ecology
1707,financialization
1708,neoliberalism
1709,civic participation
1710,world values survey
1711,marx
1712,left
1713,attraction
1714,partnership
1715,first birth
1716,social norm
1717,incident
1718,occasion
1719,dissent
1720,strong influence
1721,channel
1722,contest
1723,street
1724,such approach
1725,health outcome
1726,health inequality
1727,two set
1728,closeness
1729,adjustment
1730,department
1731,psychology
1732,vitality
1733,guidance
1734,biodiversity
1735,environmental concern
1736,memory
1737,corpus
1738,childbirth
1739,route
1740,lens
1741,enactment
1742,accommodation
1743,diffusion
1744,stance
1745,new approach
1746,midst
1747,desirability
1748,young generation
1749,east
1750,profile
1751,defence
1752,previous finding
1753,historical context
1754,social issue
1755,distress
1756,son
1757,brazil
1758,rural development
1759,dependence
1760,social inclusion
1761,residence
1762,ethnographer
1763,interviewee
1764,overlap
1765,doubt
1766,diabetes
1767,symbolic interactionism
1768,impression
1769,voter
1770,reader
1771,criterion
1772,arena
1773,theorization
1774,political system
1775,particular interest
1776,price
1777,little evidence
1778,repression
1779,biography
1780,record
1781,top
1782,great extent
1783,personal network
1784,interaction effect
1785,moderate effect
1786,attendance
1787,correlate
1788,religious attendance
1789,family income
1790,reliance
1791,ally
1792,group membership
1793,homophobia
1794,stigmatization
1795,sexual orientation
1796,hurricane katrina
1797,biology
1798,signal
1799,political opportunity
1800,public service
1801,public good
1802,appropriateness
1803,structural equation model
1804,estimation
1805,living
1806,confidence
1807,ethnography
1808,group member
1809,new opportunity
1810,congress
1811,legal system
1812,time period
1813,nepal
1814,europeans
1815,border
1816,offspring
1817,qualitative method
1818,illness
1819,palestinians
1820,alcohol use
1821,homelessness
1822,occurrence
1823,victimization
1824,altruism
1825,political action
1826,study finding
1827,political elite
1828,rural community
1829,romania
1830,entitlement
1831,list
1832,inequity
1833,synthesis
1834,disagreement
1835,crucial role
1836,public participation
1837,muslims
1838,british columbia
1839,disorder
1840,medicalisation
1841,certification
1842,empirical finding
1843,oneself
1844,side
1845,shape
1846,historian
1847,coalition
1848,iran
1849,team
1850,player
1851,local context
1852,digital medium
1853,three aspect
1854,urban area
1855,food security
1856,net
1857,grandchild
1858,2015 elsevier inc all right
1859,strong evidence
1860,further development
1861,property
1862,postmodernism
1863,mastery
1864,romantic relationship
1865,advertisement
1866,second
1867,human life
1868,consciousness
1869,affinity
1870,welfare reform
1871,workforce
1872,individual behavior
1873,micro level
1874,three dimension
1875,device
1876,news
1877,social organization
1878,adaptation
1879,enrollment
1880,emotional support
1881,appeal
1882,educator
1883,gang
1884,brand
1885,german socio economic panel
1886,training
1887,sum
1888,subjective wellbeing
1889,early 1970
1890,tragedy
1891,protect area
1892,gendered nature
1893,israeli society
1894,assimilation
1895,legal status
1896,surface
1897,asian americans
1898,grow literature
1899,director
1900,information technology
1901,key feature
1902,labour process
1903,high risk
1904,infant mortality
1905,risk factor
1906,divide
1907,hegemonic masculinity
1908,physical activity
1909,young age
1910,hispanics
1911,homicide rate
1912,icts
1913,ict
1914,obligation
1915,loneliness
1916,assault
1917,contemporary society
1918,social identity
1919,job loss
1920,party
1921,early year
1922,advertising
1923,ground theory
1924,jurisdiction
1925,different approach
1926,specialization
1927,affect
1928,mood
1929,social institution
1930,giddens
1931,outline
1932,organizational structure
1933,social isolation
1934,great britain
1935,national level
1936,shock
1937,fund
1938,complaint
1939,charge
1940,mobile phone
1941,diary
1942,sociological analysis
1943,asymmetry
1944,festival
1945,local resident
1946,validation
1947,web
1948,alliance
1949,urban china
1950,middle
1951,union
1952,facility
1953,scotland
1954,wales
1955,new method
1956,illustration
1957,important component
1958,mail survey
1959,cancer
1960,coherence
1961,exploration
1962,alternative model
1963,self efficacy
1964,voluntary association
1965,objectivity
1966,virtue
1967,clergy
1968,energy
1969,government policy
1970,civil military relation
1971,unionization
1972,all country
1973,korea
1974,malaysia
1975,thailand
1976,secondary education
1977,institutional change
1978,industrialization
1979,social development
1980,important predictor
1981,argentina
1982,unintended consequence
1983,phenomenology
1984,interrelation
1985,hiv
1986,social conflict
1987,social condition
1988,rapid growth
1989,two case
1990,caution
1991,research question
1992,test score
1993,cent
1994,secularism
1995,equity
1996,everyone
1997,economic development
1998,sex difference
1999,april
2000,proposal
2001,residential segregation
2002,psychological well being
2003,nostalgia
2004,viewer
2005,international student
2006,export
2007,leisure activity
2008,cultural context
2009,secularization
2010,life cycle
2011,social tie
2012,economic condition
2013,out group
2014,washington
2015,logic
2016,prominence
2017,macro level
2018,sex ratio
2019,emigration
2020,human behavior
2021,positive attitude
2022,social science research
2023,hunting
2024,aggression
2025,long history
2026,economic activity
2027,e g
2028,deliberation
2029,data
2030,significant influence
2031,20th century
2032,textual analysis
2033,dream
2034,projection
2035,cross national difference
2036,dissolution
2037,vary degree
2038,hostility
2039,completion
2040,debt
2041,segment
2042,drug use
2043,important determinant
2044,identity formation
2045,diet
2046,cluster
2047,multilevel analysis
2048,shortcoming
2049,detailed analysis
2050,periphery
2051,centre
2052,commonality
2053,classroom
2054,pupil
2055,social trust
2056,social group
2057,different aspect
2058,deep understanding
2059,anthropology
2060,local people
2061,possible explanation
2062,reception
2063,career
2064,lawyer
2065,scandal
2066,centrality
2067,pay work
2068,scientific knowledge
2069,rationality
2070,revision
2071,liberalism
2072,old people
2073,large extent
2074,entertainment
2075,television
2076,philosophy
2077,final section
2078,duty
2079,relative
2080,environmental sociology
2081,great number
2082,spread
2083,social
2084,marker
2085,marginality
2086,recent literature
2087,speaker
2088,candidate
2089,great impact
2090,entity
2091,arrangement
2092,sequence
2093,event history analysis
2094,different pattern
2095,homosexuality
2096,theoretical perspective
2097,gender equity
2098,cosmopolitanism
2099,relationship quality
2100,east germany
2101,west germany
2102,age group
2103,bullying
2104,sexual harassment
2105,deviance
2106,class position
2107,correspondence
2108,expenditure
2109,21st century
2110,social space
2111,national sample
2112,florida
2113,social position
2114,natural environment
2115,smith
2116,protestantism
2117,accounting
2118,determination
2119,doctor
2120,hospital
2121,inhabitant
2122,structural change
2123,erosion
2124,abandonment
2125,move
2126,torture
2127,emotional labour
2128,artist
2129,differential effect
2130,local authority
2131,conceptualisation
2132,spouse
2133,bangladesh
2134,world system
2135,crime rate
2136,first study
2137,two country
2138,standpoint
2139,chile
2140,temporality
2141,significant effect
2142,destruction
2143,change nature
2144,nothing
2145,public perception
2146,public sociology
2147,reward
2148,current state
2149,window
2150,parental divorce
2151,control group
2152,datum analysis
2153,database
2154,social force
2155,broad context
2156,alignment
2157,relative importance
2158,wide variety
2159,political science
2160,work family conflict
2161,neighborhood effect
2162,board
2163,modeling
2164,conversation analysis
2165,social phenomenon
2166,social comparison
2167,surveillance
2168,june
2169,endorsement
2170,patriarchy
2171,severity
2172,province
2173,cultural difference
2174,peru
2175,social reality
2176,first part
2177,second part
2178,territory
2179,diversification
2180,competitiveness
2181,agricultural production
2182,guest
2183,gain
2184,assignment
2185,first step
2186,fragile families
2187,livestock
2188,norway
2189,social system
2190,competitor
2191,economic performance
2192,violation
2193,animal abuse
2194,civilization
2195,three wave
2196,antecedent
2197,hegemony
2198,marketing
2199,such analysis
2200,retirement
2201,consent
2202,horse
2203,bird
2204,local culture
2205,prisoner
2206,dissemination
2207,crop
2208,generalized trust
2209,conservative
2210,supporter
2211,elsevier inc
2212,close relationship
2213,network structure
2214,international sociological association research committee
2215,frustration
2216,legacy
2217,club
2218,dependency
2219,theoretical argument
2220,nexus
2221,occupational prestige
2222,ses
2223,migrant worker
2224,racial disparity
2225,good predictor
2226,fashion
2227,receipt
2228,personhood
2229,little support
2230,infant
2231,placement
2232,empowerment
2233,applicability
2234,general theory
2235,woman s movement
2236,living condition
2237,late modernity
2238,foucault
2239,international migration
2240,euthanasia
2241,intermediary
2242,homosexual
2243,empathy
2244,economic inequality
2245,refusal
2246,scrutiny
2247,economic resource
2248,logistic regression model
2249,class inequality
2250,recession
2251,young child
2252,heteronormativity
2253,panel
2254,adherence
2255,social security
2256,economist
2257,town
2258,goffman
2259,police officer
2260,census datum
2261,all type
2262,various dimension
2263,ecosystem
2264,deprivation
2265,political attitude
2266,restructuring
2267,fit
2268,child well being
2269,first wave
2270,civility
2271,motive
2272,guilt
2273,being
2274,intimate relationship
2275,aid
2276,provider
2277,welfare regime
2278,mapping
2279,suspicion
2280,early work
2281,metropolitan area
2282,berlin
2283,social exchange
2284,trustworthiness
2285,patriotism
2286,believer
2287,covariate
2288,social meaning
2289,bourdieu s theory
2290,key issue
2291,dissatisfaction
2292,path analysis
2293,social distance
2294,viewpoint
2295,fire
2296,fragmentation
2297,quantity
2298,political ideology
2299,restriction
2300,research participant
2301,alternative approach
2302,rest
2303,informant
2304,personality trait
2305,texas
2306,smoking
2307,pair
2308,forefront
2309,competence
2310,close attention
2311,friendship network
2312,household labor
2313,religious group
2314,potential impact
2315,first year
2316,therapy
2317,gay
2318,score
2319,blame
2320,manipulation
2321,social actor
2322,local
2323,differential
2324,elder
2325,sport participation
2326,several factor
2327,usage
2328,tertiary education
2329,marital satisfaction
2330,indirect effect
2331,shelter
2332,maternal employment
2333,digital divide
2334,religious involvement
2335,early twentieth century
2336,peasant
2337,social category
2338,appraisal
2339,little effect
2340,restaurant
2341,cultural factor
2342,particular type
2343,vignette
2344,two measure
2345,self report
2346,racial difference
2347,environmental protection
2348,cold war
2349,catholicism
2350,monitoring
2351,global warming
2352,quantitative analysis
2353,ant
2354,entry
2355,social participation
2356,meeting
2357,recreation
2358,social welfare
2359,single mother
2360,research method
2361,preparation
2362,individuality
2363,cultural identity
2364,empirical material
2365,press
2366,characterization
2367,islamophobia
2368,credit
2369,social movement organization
2370,social order
2371,social transformation
2372,more time
2373,middle east
2374,egypt
2375,newcomer
2376,articulation
2377,witness
2378,family policy
2379,family size
2380,individualization
2381,faculty
2382,instrument
2383,mid 1990
2384,no difference
2385,perceive threat
2386,long period
2387,harm
2388,testing
2389,health professional
2390,pastor
2391,physician
2392,wage inequality
2393,significant role
2394,plurality
2395,confirmatory factor analysis
2396,intergroup contact
2397,japanese
2398,three country
2399,title
2400,self interest
2401,locality
2402,policy change
2403,large sample
2404,ngos
2405,family formation
2406,organizational commitment
2407,academic performance
2408,racial composition
2409,secondary school
2410,communism
2411,instruction
2412,strong support
2413,cultural consumption
2414,subset
2415,homeowner
2416,redistribution
2417,dominant discourse
2418,social value
2419,class analysis
2420,island
2421,leisure research
2422,deviant behavior
2423,decentralization
2424,maori
2425,mainland china
2426,opportunity structure
2427,sex worker
2428,affirmative action
2429,public school
2430,racial group
2431,increase attention
2432,longevity
2433,human nature
2434,social indicator
2435,religious identity
2436,chain
2437,visit
2438,textbook
2439,commentator
2440,facilitator
2441,locus
2442,scene
2443,health service
2444,sexual activity
2445,policy making
2446,particular reference
2447,radio
2448,section
2449,job insecurity
2450,social contact
2451,historical analysis
2452,empirical investigation
2453,editor
2454,ageing
2455,progression
2456,contention
2457,various form
2458,religious affiliation
2459,transaction
2460,tenure
2461,scheme
2462,mismatch
2463,qol
2464,gss
2465,sleep
2466,anthrozoology
2467,allocation
2468,self identity
2469,economic globalization
2470,epistemology
2471,young cohort
2472,different country
2473,continuum
2474,subculture
2475,response rate
2476,poor health
2477,work experience
2478,structural condition
2479,quantitative datum
2480,interviewer
2481,first marriage
2482,time use
2483,chronic illness
2484,clinician
2485,cultivation
2486,president
2487,pay employment
2488,smo
2489,subsample
2490,non hispanic white
2491,ethnic group
2492,theoretical approach
2493,catholics
2494,decision maker
2495,families
2496,global economy
2497,empirical test
2498,acceptability
2499,inference
2500,supervisor
2501,environmental degradation
2502,niche
2503,feedback
2504,sociability
2505,intolerance
2506,internationalization
2507,sustainable development
2508,contract
2509,religious institution
2510,obama
2511,baby
2512,donor
2513,selectivity
2514,early 1990
2515,social environment
2516,cultural diversity
2517,conservative protestants
2518,hdi
2519,low income
2520,pornography
2521,interrelationship
2522,white man
2523,contraception
2524,disabled people
2525,congruence
2526,indication
2527,environmentalism
2528,landowner
2529,interdependence
2530,consumer culture
2531,religious pluralism
2532,three level
2533,individual difference
2534,assistance
2535,coresidence
2536,copyright
2537,anti semitism
2538,speculation
2539,habit
2540,mixture
2541,different stage
2542,consultation
2543,general population
2544,marital quality
2545,community attachment
2546,donation
2547,educational opportunity
2548,specification
2549,battle
2550,gdp
2551,develop world
2552,excess
2553,sociological concept
2554,gps
2555,high percentage
2556,social influence
2557,style
2558,general public
2559,organic farming
2560,academy
2561,teen
2562,belonging
2563,commission
2564,interconnection
2565,discursive practice
2566,litigation
2567,genesis
2568,sociological imagination
2569,generalization
2570,honor
2571,beck
2572,hunter
2573,hardship
2574,such way
2575,army
2576,vacation
2577,citation
2578,social service
2579,drought
2580,polity
2581,injury
2582,collectivism
2583,aids
2584,average
2585,logistic regression
2586,computer
2587,shaping
2588,gambling
2589,collective
2590,magazine
2591,class structure
2592,personal characteristic
2593,heritage
2594,tourism development
2595,such change
2596,month
2597,risk society
2598,state formation
2599,ministry
2600,work class
2601,different dimension
2602,religiousness
2603,fish
2604,primacy
2605,croatia
2606,subjective experience
2607,married woman
2608,head
2609,murder
2610,rational choice
2611,personnel
2612,historical development
2613,epidemic
2614,biotechnology
2615,episode
2616,manifestation
2617,institutional arrangement
2618,whiteness
2619,no support
2620,work condition
2621,secondary analysis
2622,applicant
2623,reconciliation
2624,economic status
2625,discursive construction
2626,estonia
2627,outdoor recreation
2628,sexual behavior
2629,equilibrium
2630,economic well being
2631,all group
2632,priest
2633,high status
2634,ethnomethodology
2635,early study
2636,leisure experience
2637,crowd
2638,intent
2639,strong sense
2640,two approach
2641,emotion work
2642,residential mobility
2643,variant
2644,marital dissolution
2645,philosopher
2646,demographic characteristic
2647,social assistance
2648,pakistan
2649,home ownership
2650,labour force
2651,economic hardship
2652,familiarity
2653,poverty rate
2654,individual choice
2655,two hypothesis
2656,marijuana use
2657,lithuania
2658,caste
2659,criminal justice
2660,vocabulary
2661,logistic regression analysis
2662,qca
2663,gender ideology
2664,algorithm
2665,three factor
2666,testimony
2667,health status
2668,old woman
2669,fishing
2670,political violence
2671,2005 elsevier ltd all right
2672,human agency
2673,marital conflict
2674,strike
2675,trip
2676,multiple regression analysis
2677,rurality
2678,elsevier science b v
2679,elsevier science ltd
2680,elsevier science ltd all right
2681,woman s work
2682,race difference
2683,theology
2684,csr
